{
  "((-21.7477794, -43.4037893), (-21.7477794, -43.4037893))": 0.0,
  "((-21.7458998, -43.402782), (-21.7458998, -43.402782))": 0.0,
  "((-21.7438391, -43.4078858), (-21.7437647, -43.4075446))": 146.5,
  "((-21.7438391, -43.4078858), (-21.7438391, -43.4078858))": 0.0,
  "((-21.7423101, -43.4080421), (-21.7420835, -43.4083958))": 196.5,
  "((-21.7415178, -43.4004052), (-21.7415178, -43.4004052))": 0.0,
  "((-21.7388321, -43.400365), (-21.7388321, -43.400365))": 0.0,
  "((-21.7415662, -43.399502), (-21.7415662, -43.399502))": 0.0,
  "((-21.7436256, -43.4075928), (-21.743528, -43.407655))": 11.7,
  "((-21.7437992, -43.4076996), (-21.7436256, -43.4075928))": 15.6,
  "((-21.7437992, -43.4079247), (-21.7436256, -43.4075928))": 167.9,
  "((-21.7437992, -43.4079247), (-21.7437954, -43.4083481))": 138.5,
  "((-21.742615, -43.408808), (-21.7425404, -43.4087181))": 11.1,
  "((-21.7419739, -43.4093513), (-21.7419071, -43.4088898))": 148.2,
  "((-21.7370262, -43.3948975), (-21.7368088, -43.3949394))": 31.5,
  "((-21.7370262, -43.3948975), (-21.7367897, -43.3949356))": 31.9
}