{
  "((-21.7477794, -43.4037893), (-21.7477794, -43.4037893))": 0.0,
  "((-21.7458998, -43.402782), (-21.7458998, -43.402782))": 0.0,
  "((-21.7438391, -43.4078858), (-21.7437647, -43.4075446))": 146.5,
  "((-21.7438391, -43.4078858), (-21.7438391, -43.4078858))": 0.0,
  "((-21.7423101, -43.4080421), (-21.7420835, -43.4083958))": 196.5,
  "((-21.7415178, -43.4004052), (-21.7415178, -43.4004052))": 0.0,
  "((-21.7388321, -43.400365), (-21.7388321, -43.400365))": 0.0,
  "((-21.7415662, -43.399502), (-21.7415662, -43.399502))": 0.0
}